Provider,Amount
A.C.K. MASENO HOSPITAL,1895040
A.C.K. MASENO HOSPITAL,1051680
A.I.C GITHUMU MISSION HOSPITAL,305760
A.I.C GITHUMU MISSION HOSPITAL,201600
A.I.C KAPSOWAR MISSION HOSPITAL,1466080
A.I.C KAPSOWAR MISSION HOSPITAL,560560
A.I.C LOKORI HEALTH CENTRE,2240
AAR HOSPITAL LIMITED MUTHAIGA,4100250
AAR HOSPITAL LIMITED MUTHAIGA,1959600
ABIDHA HEALTH CENTRE,6720
ABIDHA HEALTH CENTRE,4480
ABM SPECIALIZED HOSPITAL,181050
ABM SPECIALIZED HOSPITAL,138450
ADVANCED CARE DIAGNOSTIC AND RENAL DIALYSIS LIMITED,2279096
ADVANCED CARE DIAGNOSTIC AND RENAL DIALYSIS LIMITED,10650
AFRICA MISSION SERVICES COMMUNITY CLINIC,2240
AFRICA MUSLIM AGENCY HEALTH CENTRE,181440
AFRICA MUSLIM AGENCY HEALTH CENTRE,10080
AFRICA MUSLIM AGENCY HEALTH CENTRE THIKA,23520
AFRICARE DIALYSIS CENTRES LIMITED- MURANGA,2108700
AFRICARE DIALYSIS CENTRES LIMITED- MURANGA,74550
AHERO SUB-COUNTY HOSPITAL,567680
AHERO SUB-COUNTY HOSPITAL,16800
AIC KIJABE HOSPITAL,39549243
AIC KIJABE HOSPITAL,951837
AIC LITEIN HOSPITAL,14936630
AIC LITEIN HOSPITAL,520670
AIC LODENGO HEALTH CENTRE,82880
AIC LOKICHOGIO HEALTH CENTRE,4480
AINAMOI HEALTH CENTRE,51520
AIRPORT HEALTH CENTRE-KISUMU,26880
ALALE HEALTH CENTRE,2240
ALBANI MEDICAL CLINIC,29120
ALLIANCE MEDICAL CENTRE,2353646
ALLIANCE MEDICAL CENTRE,117150
ALLIANCE MEDICAL CENTRE LTD GARISSA,1714650
ALLIANCE MEDICAL CENTRE MOMBASA,3280110
ALLIANCE MEDICAL CENTRE MOMBASA,181050
ALUPE SUB-COUNTY HOSPITAL,436800
ALUPE SUB-COUNTY HOSPITAL,50400
AMA (AFRICA MUSLIM AGENCY) CLINIC,30240
AMBIRA SUB-COUNTY HOSPITAL,356160
AMBIRA SUB-COUNTY HOSPITAL,17920
AMUKURA SUB-COUNTY HOSPITAL,39120
AMUKURA SUB-COUNTY HOSPITAL,8960
ANGURAI HEALTH CENTRE,13440
APOSTA HEALTH CENTRE,8960
ARCHER'S POST CATHOLIC HEALTH CENTRE,40320
ARCHERS POST SUB-COUNTY HOSPITAL,661920
ARCHERS POST SUB-COUNTY HOSPITAL,50400
AROHA CANCER CENTRE LTD,4751830
AROHA CANCER CENTRE LTD,1000
ARROR HEALTH CENTRE,1426880
ARROR HEALTH CENTRE,293440
ASSUMPTION OF MARY ITHANGA CATHOLIC HOSPITAL,416640
ASSUMPTION OF MARY ITHANGA CATHOLIC HOSPITAL,252000
ASUMBI GIRLS MEDICAL CLINIC,51520
ATHIBOHOL HEALTH CENTER,6720
AVENUE HEALTHCARE GREENSPAN MEDICAL CENTRE,1480350
AVENUE HOSPITAL,12957618.56
AVENUE HOSPITAL,401237.14
AVENUE HOSPITAL- KISUMU,4920300
AVENUE HOSPITAL- KISUMU,1054350
AVENUE HOSPITAL THIKA,12268800
AVENUE HOSPITAL THIKA,95850
AWENDO SUB-COUNTY HOSPITAL,218320
AWENDO SUB-COUNTY HOSPITAL,6720
BAHAI HEALTH CENTRE,8960
BAHATI SUB-COUNTY HOSPITAL,198240
BAHATI SUB-COUNTY HOSPITAL,30240
BALAMBALA SUB-COUNTY HOSPITAL,130800
BALDO IPPOLITA CATHOLIC HEALTH CENTRE,165760
BALDO IPPOLITA CATHOLIC HEALTH CENTRE,26880
BAMBA SUB-COUNTY HOSPITAL,4480
BAMBA SUB-COUNTY HOSPITAL,4480
BANISA SUB COUNTY HOSPITAL,94080
BARAGOI SUB-COUNTY HOSPITAL,73920
BARINGO COUNTY REFERRAL HOSPITAL,7334850
BARINGO COUNTY REFERRAL HOSPITAL,587750
BARTABWA HEALTH CENTRE,4480
BARTABWA HEALTH CENTRE,2240
BAYAAN NURSING HOME,1980900
BAYAAN NURSING HOME,415350
BAYLEAF HEALTH CENTRE,10650
BETTER LIVING HOSPITAL,22400
BETTER LIVING HOSPITAL,4480
BISHOP U. J. KIOKO CATHOLIC HOSPITAL,7454070
BISHOP U. J. KIOKO CATHOLIC HOSPITAL,155250
BISSIL HEALTH CENTRE,96320
BLOOM DHAHABU LIMITED,27354942
BLOOM DHAHABU LIMITED,2196160
BLOOM HEALTHCARE MACHAKOS,14013250
BLOOM HEALTHCARE MACHAKOS,3208150
BLOOM HOSPITAL NAKURU LIMITED,1895700
BLOOM HOSPITAL NAKURU LIMITED,351450
BLUE RIDGE MEDICAL - THIKA,1986350
BLUE RIDGE MEDICAL - THIKA,494050
BLUE RIDGE MEDICAL LTD,1373850
BLUE RIDGE MEDICAL LTD,362100
BLUE RIDGE MEDICAL LTD -KISUMU,1014500
BOKOLI SUB COUNTY HOSPITAL,1155840
BOKOLI SUB COUNTY HOSPITAL,339280
BONDO SUB-COUNTY REFERRAL HOSPITAL,678720
BONDO SUB-COUNTY REFERRAL HOSPITAL,131040
BOSONGO MEDICAL CENTRE,20376414
BOSONGO MEDICAL CENTRE,2181050
BRISTOL PARK HOSPITAL FEDHA,1491000
BRISTOL PARK HOSPITAL FEDHA,63900
BRISTOL PARK HOSPITAL MACHAKOS,3099150
BRISTOL PARK HOSPITAL MACHAKOS,809397
BROTHER ANDRE HOSPITAL LTD,208320
BROTHER ANDRE HOSPITAL LTD,57120
BUGUMBE HEALTH CENTRE,26880
BUKAYA HEALTH CENTRE,6720
BUKEMBE HEALTH CENTRE,17920
BUKEMBE HEALTH CENTRE,6720
BUKURA RURAL HEALTH DEMONSTRATION CENTRE,73920
BUKURA RURAL HEALTH DEMONSTRATION CENTRE,11200
BULONDO HEALTH CENTRE,606880
BULONDO HEALTH CENTRE,20160
BULSHAWI NURSING HOME LIMITED,103040
BUMALA A HEALTH CENTRE,73920
BUMALA B HEALTH CENTRE,22400
BUMULA SUB-COUNTY HOSPITAL,655040
BUMULA SUB-COUNTY HOSPITAL,184720
BUNGOMA COUNTY REFERRAL HOSPITAL,8169480
BUNGOMA COUNTY REFERRAL HOSPITAL,434230
BUNGOMA WEST HOSPITAL,10235183
BUNGOMA WEST HOSPITAL,1368692
BURA SUB-COUNTY HOSPITAL,97440
BURA SUB-COUNTY HOSPITAL,20160
BURA SUB-COUNTY HOSPITAL,10080
BURA TANA NURSING HOME ANNEX,880320
BURBURIS MEDICAL CENTRE,22400
BURNT FOREST SUB-COUNTY HOSPITAL,137760
BURNT FOREST SUB-COUNTY HOSPITAL,23520
BUSIA COUNTY REFERRAL HOSPITAL,1558590
BUSIA COUNTY REFERRAL HOSPITAL,361860
BUSIA DISTRICT HOSPITAL,55470
BUTE SUB COUNTY HOSPITAL,252000
BUTE SUB COUNTY HOSPITAL,164640
BUTERE COUNTY HOSPITAL,786240
BUTERE COUNTY HOSPITAL,184800
BUTULA MISSION HEALTH CENTRE,230720
BUTULA MISSION HEALTH CENTRE,51520
CANA FAMILY CLINIC AND RESOURCE CENTRE,383040
CANA FAMILY CLINIC AND RESOURCE CENTRE,73920
CANA HOSPITAL,53250
CANCER CARE KENYA LIMITED,40674942
CANCER CARE KENYA LIMITED,16500800
CANCER CARE KENYA LIMITED-UAP OLD MUTUAL TOWER,36003838
CANCER CARE KENYA LIMITED-UAP OLD MUTUAL TOWER,15582082
CANCER CENTER OF EXCELLENCY,9186594
CANCER CENTER OF EXCELLENCY,1356775
CARE HOSPITAL LTD,2545350
CARE HOSPITAL LTD,639000
CEDAR HOSPITAL,9435898
CEDAR HOSPITAL,1459050
CENTRAL DIALYSIS AND DIAGNOSTIC CENTRE LIMITED,266250
CENTRAL MEMORIAL HOSPITAL LTD,3823350
CENTRAL MEMORIAL HOSPITAL LTD,734850
CGTRH MTONGWE OUTREACH,387520
CGTRH MTONGWE OUTREACH,20160
CHARITY MEDICAL HOSPITAL,2343000
CHARITY MEDICAL HOSPITAL,1459050
CHEBIEMIT SUB COUNTY HOSPITAL,171360
CHEBIEMIT SUB COUNTY HOSPITAL,50400
CHEBUKUTUMI HEALTH CENTRE,147840
CHEBUKUTUMI HEALTH CENTRE,105280
CHEKALINI HEALTH CENTRE,30160
CHEKALINI HEALTH CENTRE,8960
CHEMOLINGOT SUB-COUNTY HOSPITAL,30240
CHEMOLINGOT SUB-COUNTY HOSPITAL,26880
CHEMWAA HEALTH CENTRE,645120
CHEMWAA HEALTH CENTRE,100640
CHEPARERIA SUB-COUNTY HOSPITAL,124320
CHEPARERIA SUB-COUNTY HOSPITAL,36960
CHEPKUBE HEALTH CENTRE,13440
CHEPKUBE HEALTH CENTRE,4480
CHEPNGOMBE HEALTH CENTRE,14480
CHEPTAIS SUB-COUNTY HOSPITAL,1357440
CHEPTAIS SUB-COUNTY HOSPITAL,288960
CHEPTALAL SUB-COUNTY HOSPITAL,17920
CHEPTERWAI SUB-COUNTY HOSPITAL,235200
CHEPTERWAI SUB-COUNTY HOSPITAL,20160
CHERANGANY SUB COUNTY HOSPITAL,211680
CHERANGANY SUB COUNTY HOSPITAL,20160
CHERANGANY SUB-COUNTY HOSPITAL,6720
CHESONGOCH MISSION HOSPITAL,1330560
CHESONGOCH MISSION HOSPITAL,490560
CHIRON MEDICAL DIAGNOSTICS AND IMAGING HOSPITAL LIMITED,404700
CHIRON MEDICAL DIAGNOSTICS AND IMAGING HOSPITAL LIMITED,383400
CHOMBELI MODEL HEALTH CENTRE,8960
CHRISTAMARIANNE MISSION HOSPITAL (ASUMBI),2832900
CHRISTAMARIANNE MISSION HOSPITAL (ASUMBI),2311050
CHUKA COUNTY REFERRAL HOSPITAL,1027440
CHUKA COUNTY REFERRAL HOSPITAL,87940
CHUKA COUNTY REFFERAL HOSPITAL,78470
CHULAIMBO SUB-COUNTY HOSPITAL,409920
CHULAIMBO SUB-COUNTY HOSPITAL,47040
CHWELE SUB COUNTY HOSPITAL,1270000
CHWELE SUB COUNTY HOSPITAL,87360
CITY GATE DOCTORS PLAZA LTD,2044800
CITY GATE DOCTORS PLAZA LTD,489900
CKS DIALYSIS CENTRE - BURUBURU,7252650
CKS DIALYSIS CENTRE - BURUBURU,1030750
CKS DIALYSIS CENTRE PANGANI,8434800
CKS DIALYSIS CENTRE PANGANI,1320600
CKS HOSPITAL LIMITED-KIMUKA,2460150
CKS HOSPITAL LIMITED-KIMUKA,138450
COAST GENERAL TEACHING AND REFERRAL HOSPITAL,25166819
COAST GENERAL TEACHING AND REFERRAL HOSPITAL,2245270
CONSOLATA COTTAGE HOSPITAL CHUKA,873600
CONSOLATA COTTAGE HOSPITAL CHUKA,100800
CONSOLATA HOSPITAL GITORO,241920
CONSOLATA HOSPITAL KYENI,4153040
CONSOLATA HOSPITAL KYENI,615200
CONSOLATA HOSPITAL MATHARI,24250489.55
CONSOLATA HOSPITAL MATHARI,3436278.82
CONSOLATA HOSPITAL NANYUKI,302400
CONSOLATA HOSPITAL NANYUKI,40320
CONSOLATA HOSPITAL NKUBU,5004160
CONSOLATA HOSPITAL NKUBU,544880
COPTIC HOSPITAL - LUANDA,678720
COPTIC HOSPITAL - LUANDA,40320
COPTIC HOSPITAL - NGONG ROAD,33744008
COPTIC HOSPITAL - NGONG ROAD,1223006
COTTOLENGO MISSION HOSPITAL,635040
COTTOLENGO MISSION HOSPITAL,77280
COUNTY MEDICAL CENTRE EMBU LTD,6251550
COUNTY MEDICAL CENTRE EMBU LTD,1501650
CRYSTAL COTTAGE HOSPITAL,6720
DADAAB SUB-COUNTY HOSPITAL,36960
DAGORETTI SUB-COUNTY HOSPITAL MUTUINI,596240
DAGORETTI SUB-COUNTY HOSPITAL MUTUINI,33600
DANABA HEALTH CENTRE,11200
DANIEL COMBONI HEALTH CENTRE,6720
DASHEEG NURSING HOME LIMITED,297920
DASHEEG NURSING HOME LIMITED,156800
DAWADUBA NURSING HOME LTD,26880
DERTU HEALTH CENTRE,64960
DERTU HEALTH CENTRE,17920
DIANI BEACH HOSPITAL,5687100
DIANI BEACH HOSPITAL,244950
DIANI BEACH HOSPITAL - LIKONI,2726400
DIANI BEACH HOSPITAL - LIKONI,543150
DIANI BEACH HOSPITAL( UKUNDA) CLINIC,252790
DIENYA HEALTH CENTRE,22400
DIENYA HEALTH CENTRE,13440
DIVINE MERCY KITHATU HEALTH CENTRE,6720
DIVINE MERCY KITHATU HEALTH CENTRE,2240
DR.DAVID RODEN TIKIT MISSION HEALTH CENTRE,82880
DR.DAVID RODEN TIKIT MISSION HEALTH CENTRE,20160
DWELE HEALTH CENTRE,13440
EBENEZER NURSING HOME,8960
EBUSIRATSI HEALTH CENTRE,29120
EDELVALETRUST JAMAA HOME AND MISSION HOSPITAL,8506260
EDELVALETRUST JAMAA HOME AND MISSION HOSPITAL,2215140
EDNA MATERNITY,10080
EEASTVALLEY NURSING HOME(NAIVASHA),4480
EKALAKALA HEALTH CENTRE,123040
EKALAKALA HEALTH CENTRE,17920
EKAMBULI HEALTH CENTRE,13440
EKERENYO SUB-COUNTY HOSPITAL,282240
EKERENYO SUB-COUNTY HOSPITAL,36960
ELBURGON SUB-COUNTY HOSPITAL,154560
ELBURGON SUB-COUNTY HOSPITAL,43680
ELDAMA RAVINE DISTRICT HOSPITAL,53760
ELDAMA RAVINE SUB-COUNTY HOSPITAL,1085280
ELDAMA RAVINE SUB-COUNTY HOSPITAL,120960
ELDAS SUB-COUNTY HOSPITAL,10080
ELDAS SUB-COUNTY HOSPITAL,10080
ELDORET HOSPITAL,21607547
ELDORET HOSPITAL,2113300
ELDORET HOSPITAL-KERICHO BRANCH,2769000
ELDORET HOSPITAL-KERICHO BRANCH,511200
ELDORET ONCOLOGY ASSOCIATES,48994123
ELDORET ONCOLOGY ASSOCIATES,5411376
ELGOLICHA HEALTH CENTRE-MANDERA,13440
ELGON VIEW HOSPITAL LIMITED,221500
ELGON VIEW HOSPITAL LIMITED,120000
ELQALU NURSING HOME LTD,17920
ELWAK SUBCOUNTY HOSPITAL,104160
ELWAK SUBCOUNTY HOSPITAL,20160
ELWANGALE HEALTH CENTRE,82880
EMALI SUB COUNTY HOSPITAL,26880
EMALI SUB COUNTY HOSPITAL,17920
EMBAKASI HEALTH CENTRE,704560
EMBU CHILDREN HOSPITAL,3489257
EMBU CHILDREN HOSPITAL,1148407
EMBU COUNTY REFERRAL HOSPITAL,11439659
EMBU COUNTY REFERRAL HOSPITAL,857927
EMUHAYA SUB-COUNTY HOSPITAL,141120
EMUHAYA SUB-COUNTY HOSPITAL,4480
EMURUTOTO HEALTH CENTRE,6720
EMUSIRE HEALTH CENTRE,15680
ENDEBESS SUB-COUNTY HOSPITAL,114240
ENDEBESS SUB-COUNTY HOSPITAL,40320
ENDO HEALTH CENTRE MISSION,394240
ENDO HEALTH CENTRE MISSION,125440
ENGINEER COUNTY HOSPITAL,67200
ENGINEER COUNTY HOSPITAL,26880
ENOOSAEN HEALTH CENTRE,2240
ENZARO HEALTH CENTRE,53760
ENZARO HEALTH CENTRE,13440
ERAMBA HEALTH CENTRE,6720
ESANI SUB-COUNTY HOSPITAL,70560
ESANI SUB-COUNTY HOSPITAL,40320
ESHIABWALI HEALTH CENTRE,20160
ESHIBIMBI HEALTH CENTRE,36880
ESHIBIMBI HEALTH CENTRE,11200
ESHIMKOKO HEALTH CENTRE,2240
ESIARAMBATSI HEALTH CENTRE,116480
ESTHER MEMORIAL NURSING HOME,26880
ETAGO SUB-COUNTY HOSPITAL,50400
FAIRFIELD MEDICAL CENTRE KITENGELA LTD,4222100
FAIRFIELD MEDICAL CENTRE KITENGELA LTD,1124350
FAIRMONT HOSPITAL,16871100
FAIRMONT HOSPITAL,5062400
FATIMA MISSION HOSPITAL,124320
FATIMA MISSION HOSPITAL,20160
FAZA SUB-COUNTY HOSPITAL,144480
FAZA SUB-COUNTY HOSPITAL,6720
FAZAAN NURSING HOME LIMITED,22400
FIGO CARE PLUS (K )LTD UPPER HILL,6017250
FIGO CARE PLUS (K )LTD UPPER HILL,255600
FIGO CARE PLUS(K) LIMITED,14931300
FIGO CARE PLUS(K) LIMITED,905250
FLC FOUNTAIN MISSION HOSPITAL,54800
FLUORSPAR HEALTH CENTRE,17920
FORTHALL MEMORIAL HOSPITAL LIMITED,4526250
FORTHALL MEMORIAL HOSPITAL LIMITED,969150
FORTIS KIDNEY CENTER LIMITED,3226950
FORTIS KIDNEY CENTER LIMITED,2577300
FRIENDS LUGULU HOSPITAL,1716302
FRIENDS LUGULU HOSPITAL,362100
GAICHANJIRU CATHOLIC HOSPITAL,3934500
GAICHANJIRU CATHOLIC HOSPITAL,763380
GALAXY HOSPITAL LIMITED,3450600
GALAXY HOSPITAL LIMITED,223650
GANYURE DISPENSARY,2240
GARISSA COUNTY REFERRAL HOSPITAL,16521359
GARISSA COUNTY REFERRAL HOSPITAL,2139380
GARSESALA HEALTH CENTRE,6720
GATUNDU COUNTY REFERRAL HOSPITAL,1715520
GATUNDU COUNTY REFERRAL HOSPITAL,183210
GATUNGA CATHOLIC HEALTH CENTRE,226240
GATUNGA CATHOLIC HEALTH CENTRE,22400
GENERATION AND VISIONARY MEDICAL CENTRE,13440
GEORGE MUDENYO KADIMA NASIO TRUST (MUMIAS WEST),85120
GERTRUDES GARDEN CHILDREN'S HOSPITAL,2183440
GESIMA SUB-COUNTY HOSPITAL,38080
GESUSU SUB-COUNTY REFFERAL HOSPITAL,255360
GESUSU SUB-COUNTY REFFERAL HOSPITAL,67200
GETARE HEALTH CENTRE,196000
GETARE HEALTH CENTRE,26720
GIKAMBURA HEALTH CENTRE,4480
GILBERT OBORA PEDO HEALTH CENTRE,20160
GILGIL SUB-COUNTY HOSPITAL,584640
GILGIL SUB-COUNTY HOSPITAL,63840
GITA SUB-COUNTY HOSPITAL,247440
GITA SUB-COUNTY HOSPITAL,49280
GOD AGAK HEALTH CENTRE,35840
GOD AGULU,6720
GODBURA HEALTH CENTRE,4480
GODKWER DISPENSARY,13440
GODKWER DISPENSARY,4480
GONGO HEALTH CENTRE,60480
GOOD HOPE HEALTH LIMITED,1331250
GOOD HOPE HEALTH LIMITED,298200
GOOD SAMARITAN CATHOLIC MISSION HOSPITAL,161280
GOOD SAMARITAN CATHOLIC MISSION HOSPITAL,10080
GOT AGULU SUB-COUNTY HOSPITAL,325920
GOT AGULU SUB-COUNTY HOSPITAL,90720
GOT KOJOWI HEALTH CENTRE,6720
GOTANI MODERN HEALTH CENTRE,4480
GRACE PARK MEDICAL CENTRE,2790300
GRACE PARK MEDICAL CENTRE,415350
GREENVIEW NURSING HOME,2747700
GREENVIEW NURSING HOME,351450
GRIFTU SUB-COUNTY REFERAL HOSPITAL,67200
GRIFTU SUB-COUNTY REFERAL HOSPITAL,10080
GUARDIAN HOSPITAL LIMITED,5543536
GUARDIAN HOSPITAL LIMITED,1026426
GWITEMBE HEALTH CENTRE,22400
HABASWEIN SUB-COUNTY HOSPITAL,16800
HADADO SUB-COUNTY HOSPITAL,13440
HAMISI SUB-COUNTY HOSPITAL,38080
HARERI HEALTH CENTRE,20160
HASHI MEDICAL CENTRE LIMITED - MURANGA,3823350
HASHI MEDICAL CENTRE LIMITED - MURANGA,3003300
HAVEN HOSPITAL BONDO,2673150
HAVEN HOSPITAL BONDO,607050
HAWINGA HEALTH CENTRE,80640
HAWINGA HEALTH CENTRE,11200
HEALTH WAVE MEDICAL SERVICES LIMITED-HOSPITAL,1767900
HEALTH WAVE MEDICAL SERVICES LIMITED-HOSPITAL,394050
HEALTHGATE HOSPITAL LTD,1767900
HEALTHGATE HOSPITAL LTD,319500
HOLA COUNTY REFERRAL HOSPITAL,582900
HOLA COUNTY REFERRAL HOSPITAL,85200
HOLY FAMILY CATHOLIC MISSION HOSPITAL,17920
HOLY FAMILY HOSPITAL NANGINA,588000
HOLY FAMILY HOSPITAL NANGINA,36960
HOLY ROSARY HEALTH CENTRE NGONYEK,2240
HOMABAY COUNTY REFERRAL HOSPITAL,13645790
HOMABAY COUNTY REFERRAL HOSPITAL,1271010
HOPE RENAL CENTRE LIMITED,394050
HOPE RENAL CENTRE LIMITED,10650
HULUGHO SUB COUNTY HOSPITAL,487200
HULUGHO SUB COUNTY HOSPITAL,13440
IBACHO SUB-COUNTY HOSPITAL,26880
IBACHO SUB-COUNTY HOSPITAL,6720
IBENO SUB-COUNTY HOSPITAL,11200
IBNULMAJAH NURSING HOME LIMITED,380800
IFTIN SUB-COUNTY HOSPITAL,77280
IGEGANIA SUB-COUNTY HOSPITAL,120960
IGEGANIA SUB-COUNTY HOSPITAL,120960
IGUHU SUB-COUNTY HOSPITAL,278880
IJARA SUB-COUNTY HOSPITAL,413280
IJARA SUB-COUNTY HOSPITAL,57120
IKANGA SUB COUNTY HOSPITAL,29120
IKONZO MODEL HEALTH CENTRE,2240
IKUTHA SUB-COUNTY HOSPITAL,147840
IKUTHA SUB-COUNTY HOSPITAL,26880
IMANGA HEALTH CENTRE,20160
IMANGA HEALTH CENTRE,4480
IMARA HEALTHCARE CENTRE,1016960
IMARA HEALTHCARE CENTRE,315840
IMBIRIKANI LEVEL 4 HOSPITAL,114240
IMMACULATE CONCEPTION HEALTH CENTRE- KAPNYEBERAI,191440
IMMACULATE CONCEPTION HEALTH CENTRE- KAPNYEBERAI,29120
IMMACULATE HEART HOSPITAL KEREITA,238560
IMMACULATE HEART HOSPITAL KEREITA,70560
IMMACULATE HEART OF MARY MISSION HOSPITAL KILIMAMBOGO,265440
IMMACULATE HEART OF MARY MISSION HOSPITAL KILIMAMBOGO,124320
IMURTOT HEALTH CENTRE,42560
INTEGRATED VISION CENTRE MILIMANI MISSION HOSPITAL,17920
IRANDA SUB-COUNTY HOSPITAL,154560
IRANDA SUB-COUNTY HOSPITAL,40320
ISEBANIA SUB-COUNTY HOSPITAL,43680
ISECHA SUB-COUNTY HOSPITAL,147840
ISECHA SUB-COUNTY HOSPITAL,20160
ISHIARA SUB-COUNTY HOSPITAL,241920
ISHIARA SUB-COUNTY HOSPITAL,50400
ISIOLO COUNTY REFERRAL HOSPITAL,1695850
ISIOLO COUNTY REFERRAL HOSPITAL,389400
ITEN COUNTY REFERRAL HOSPITAL,8404820
ITEN COUNTY REFERRAL HOSPITAL,996910
IYABE SUB-COUNTY HOSPITAL,64960
IYABE SUB-COUNTY HOSPITAL,6720
J.M KARIUKI MEMORIAL COUNTY REFERRAL HOSPITAL,5421690
J.M KARIUKI MEMORIAL COUNTY REFERRAL HOSPITAL,871590
JAMBO KIDNEY CARE LIMITED,4856400
JAMBO KIDNEY CARE LIMITED,1405800
JARAMOGI OGINGA ODINGA TEACHING AND REFERRAL HOSPITAL,39211009
JARAMOGI OGINGA ODINGA TEACHING AND REFERRAL HOSPITAL,5102530
JESSE KAY CHILDRENS HOSPITAL,36960
JIBANA SUB-COUNTY HOSPITAL,13440
JOCHAM HOSPITAL LTD,3035250
JOCHAM HOSPITAL LTD,628350
JOGOO HEALTH CENTER,22400
JORDAN HOSPITAL,1810500
JORDAN HOSPITAL,10650
JUJA ROAD MATERNITY HOSPITAL LIMITED- RUIRU,144480
JUMUIA FRIENDS HOSPITAL KAIMOSI,6359510
JUMUIA FRIENDS HOSPITAL KAIMOSI,1394900
JUMUIA HOSPITAL HURUMA,1795360
JUMUIA HOSPITAL HURUMA,599760
KABARTONJO SUB-COUNTY HOSPITAL,266560
KABARTONJO SUB-COUNTY HOSPITAL,103040
KABICHBICH HEALTH CENTRE,22400
KABICHBICH HEALTH CENTRE,6720
KABIYET SUB-COUNTY HOSPITAL,63840
KABIYET SUB-COUNTY HOSPITAL,3360
KABUCHAI HEALTH CENTRE,98560
KABULA HEALTH CENTRE,231760
KABULA HEALTH CENTRE,49280
KACHELIBA SUB-COUNTY HOSPITAL,134400
KACHELIBA SUB-COUNTY HOSPITAL,77280
KADENGE RATUORO HEALTH CENTRE,165760
KADENGE RATUORO HEALTH CENTRE,33600
KAGIO HOSPITAL LIMITED,3077850
KAGIO HOSPITAL LIMITED,553800
KAIBOI MISSION HEALTH CENTRE,512960
KAIBOI MISSION HEALTH CENTRE,69440
KAIKOR HEALTH CENTER,145600
KAIKOR HEALTH CENTER,53760
KAINUK HEALTH CENTRE,40320
KAINUK HEALTH CENTRE,33600
KAJIADO COUNTY REFERRAL HOSPITAL,3730510
KAJIADO COUNTY REFERRAL HOSPITAL,161900
KAJUKI HEALTH CENTRE,6720
KAKUMA MISSION HOSPITAL,2244480
KAKUMA MISSION HOSPITAL,339360
KALAWA MODEL HEALTH CENTRE,242800
KALAWA MODEL HEALTH CENTRE,49280
KALIMONI MISSION HOSPITAL,124320
KALIMONI MISSION HOSPITAL-GITHURAI BRANCH,47040
KALOKOL GOK HEALTH CENTRE,8960
KALUO HEALTH CENTRE,11200
KAMBIRI HEALTH CENTRE,4480
KAMBU MODEL HEALTH CENTRE,13440
KAMBU MODEL HEALTH CENTRE,13440
KAMUNERU HEALTH CENTRE,185920
KAMUNERU HEALTH CENTRE,11200
KAMWOSOR HEALTH CENTRE,338240
KAMWOSOR HEALTH CENTRE,56000
KANAMKEMER SUB COUNTY HOSPITAL,201600
KANAMKEMER SUB COUNTY HOSPITAL,143360
KANDARA SUB COUNTY HOSPITAL,56000
KANDARA SUB COUNTY HOSPITAL,13440
KANGEMA SUB-COUNTY HOSPITAL,33600
KANGEMA SUB-COUNTY HOSPITAL,17920
KANGUNDO SUB-COUNTY HOSPITAL,137760
KANGUNDO SUB-COUNTY HOSPITAL,50400
KANYAKINE SUB-COUNTY HOSPITAL,291200
KANYAKINE SUB-COUNTY HOSPITAL,26880
KAPCHEROP HEALTH CENTRE,2240
KAPENGURIA COUNTY REFERRAL HOSPITAL,4857900
KAPENGURIA COUNTY REFERRAL HOSPITAL,1301790
KAPIYO HEALTH CENTRE,69440
KAPIYO HEALTH CENTRE,8960
KAPKATET SUB-COUNTY HOSPITAL,5398640
KAPKATET SUB-COUNTY HOSPITAL,1861910
KAPKOI HEALTH CENTRE,2240
KAPSABET COUNTY REFERRAL HOSPITAL,7538088
KAPSABET COUNTY REFERRAL HOSPITAL,1412990
KAPSARA SUB-COUNTY HOSPITAL,134400
KAPSARA SUB-COUNTY HOSPITAL,3360
KAPTAMA HEALTH CENTRE,4480
KAPTANAI HEALTH CENTRE,295680
KAPTANAI HEALTH CENTRE,58240
KAPTARAKWA SUB-COUNTY HOSPITAL,6720
KAPTELDON HEALTH CENTRE,53760
KAPTELDON HEALTH CENTRE,35840
KAPTUMO SUB-COUNTY HOSPITAL,30240
KARARUWE NURSING HOME LIMITED,44800
KARATINA SUB-COUNTY HOSPITAL,735840
KARATINA SUB-COUNTY HOSPITAL,180880
KAREN HOSPITAL LTD,26880
KARIMA DISPENSARY-BUNGOMA,11200
KARUNGU SUB-COUNTY HOSPITAL,157920
KARUNGU SUB-COUNTY HOSPITAL,33600
KATHIANI SUB-COUNTY HOSPITAL,117600
KATHIANI SUB-COUNTY HOSPITAL,50320
KATILO HEALTH CENTRE,44800
KATITO SUB-COUNTY HOSPITAL,147760
KATITO SUB-COUNTY HOSPITAL,10080
KAUWI SUB-COUNTY HOSPITAL,29120
KAUWI SUB-COUNTY HOSPITAL,17920
KAYOLE II SUB-COUNTY HOSPITAL,4482480
KAYOLE II SUB-COUNTY HOSPITAL,1329360
KEGOGI HEALTH CENTRE,6720
KEGOGI HEALTH CENTRE,6720
KEGONDI HEALTH CENTRE,11200
KEGONGA SUB-COUNTY HOSPITAL,20160
KEHANCHA SUB COUNTY HOSPITAL,339280
KEHANCHA SUB COUNTY HOSPITAL,94000
KEMELOI HEALTH CENTRE,38080
KEMELOI HEALTH CENTRE,6720
KENDU BAY ADVENTIST HOSPITAL,3248250
KENDU BAY ADVENTIST HOSPITAL,1054350
KENDU SUB-COUNTY HOSPITAL,420000
KENDU SUB-COUNTY HOSPITAL,40320
KENOL HOSPITAL LTD,8072700
KENOL HOSPITAL LTD,1725300
KENYATTA NATIONAL HOSPITAL - OTHAYA,12814511
KENYATTA NATIONAL HOSPITAL - OTHAYA,285230
KENYATTA UNIVERSITY TEACHING REFERRAL AND RESEARCH HOSPITAL,101426946
KENYATTA UNIVERSITY TEACHING REFERRAL AND RESEARCH HOSPITAL,21376207.51
KENYENYA SUB-COUNTY HOSPITAL,557760
KENYENYA SUB-COUNTY HOSPITAL,100800
KENYORO HEALTH CENTRE,8960
KERICHO COUNTY REFFERAL HOSPITAL,2638130
KERICHO COUNTY REFFERAL HOSPITAL,1354530
KERINGET HEALTH CENTRE,6720
KERIO HEALTH CENTRE,232960
KERIO HEALTH CENTRE,44800
KEROBO HEALTH CENTRE,24640
KERUGOYA COUNTY REFERRAL HOSPITAL,8449050
KERUGOYA COUNTY REFERRAL HOSPITAL,1324270
KERUGOYA FORTIS MEDICAL AND CANCER CENTRE,9907661
KERUGOYA FORTIS MEDICAL AND CANCER CENTRE,2128370
KERUGOYA FORTIS MEDICAL AND CANCER CENTRE TOWN ANNEX,1636350
KERUGOYA FORTIS MEDICAL AND CANCER CENTRE TOWN ANNEX,308850
KERUGOYA MEDICAL CENTRE,12394898
KERUGOYA MEDICAL CENTRE,3211878
KEUMBU SUB-COUNTY HOSPITAL,248640
KEUMBU SUB-COUNTY HOSPITAL,10080
KHALABA HEALTH CENTRE,52560
KHALABA HEALTH CENTRE,4480
KHAMULATI MEDICAL CLINIC,8960
KHAYEGA MEDICAL CLINIC,13440
KHUNYANGU SUB-COUNTY HOSPITAL,362880
KHUNYANGU SUB-COUNTY HOSPITAL,87360
KHWISERO HEALTH CENTRE,609280
KHWISERO HEALTH CENTRE,98470
KHWISERO LEVEL IV HOSPITAL,13440
KIANDA 42 HOSPITAL,3360
KIANYAGA SUB-COUNTY HOSPITAL,792960
KIANYAGA SUB-COUNTY HOSPITAL,94080
KIBUKE HEALTH CENTRE,154560
KIBWEZI SUB COUNTY HOSPITAL,835600
KIBWEZI SUB COUNTY HOSPITAL,221520
KIDNEY AID DIALYSIS CENTER LIMITED,3993750
KIDNEY AID DIALYSIS CENTER LIMITED,2470800
KIDNEY SOLUTIONS CLINIC,3865950
KIDNEY SOLUTIONS CLINIC,990450
KIEMBE HEALTH CENTRE,8960
KIGUMO SUB-COUNTY HOSPITAL,42560
KIGUMO SUB-COUNTY HOSPITAL,4480
KIHARA SUB-COUNTY HOSPITAL,63840
KIHARA SUB-COUNTY HOSPITAL,6720
KIJAURI SUB COUNTY HOSPITAL,104160
KIJAURI SUB COUNTY HOSPITAL,53520
KIKOKO MISSION COTTAGE HOSPITAL,30240
KILIFI COUNTY REFERRAL HOSPITAL,4956590
KILIFI COUNTY REFERRAL HOSPITAL,1663550
KILINGILI HEALTH CENTRE,105280
KILINGILI HEALTH CENTRE,8960
KILOME MNH HOSPITAL,1650750
KILOME MNH HOSPITAL,1096950
KILUNGU SUB COUNTY HOSPITAL,201600
KILUNGU SUB COUNTY HOSPITAL,53760
KIMAETI HEALTH CENTRE,699920
KIMAETI HEALTH CENTRE,125440
KIMALEL HEALTH CENTRE,20160
KIMBIMBI SUB-COUNTY HOSPITAL,1229760
KIMBIMBI SUB-COUNTY HOSPITAL,218400
KIMILILI SUBCOUNTY HOSPITAL,16800
KIMILILI SUB-COUNTY HOSPITAL,1808080
KIMILILI SUB-COUNTY HOSPITAL,974000
KIMININI COTTAGE MISSION HOSPITAL,1686720
KIMININI COTTAGE MISSION HOSPITAL,151200
KIMITI MODEL HEALTH CENTRE,91840
KIMITI MODEL HEALTH CENTRE,15680
KINANGO SUB-COUNTY HOSPITAL,164640
KINANGO SUB-COUNTY HOSPITAL,40320
KING DAVID'S HOSPITAL,479250
KING DAVID'S HOSPITAL,106500
KIPKELION SUB-COUNTY HOSPITAL,98560
KIPKELION SUB-COUNTY HOSPITAL,20160
KIPLOMBE MEDICAL CENTRE,246400
KIPLOMBE MEDICAL CENTRE,42560
KIPTUMO SUB-COUNTY HOSPITAL,278880
KIPTUMO SUB-COUNTY HOSPITAL,100800
KIRIAINI MISSION HOSPITAL,6182615
KIRIAINI MISSION HOSPITAL,1441700
KIRWARA SUB-COUNTY HOSPITAL,96320
KIRWARA SUB-COUNTY HOSPITAL,13440
KISAU SUB COUNTY HOSPITAL,228480
KISAU SUB COUNTY HOSPITAL,47040
KISEGI SUB-COUNTY HOSPITAL,10080
KISII TEACHING AND REFERRAL HOSPITAL,12418051
KISII TEACHING AND REFERRAL HOSPITAL,3574190
KISUMU SPECIALISTS HOSPITAL,564450
KISUMU SPECIALISTS HOSPITAL,149100
KITALE COUNTY REFERRAL HOSPITAL,319500
KITALE COUNTY REFERRAL HOSPITAL,21300
KITARE HEALTH CENTRE,26880
KITENGELA SUB-COUNTY HOSPITAL,3286480
KITENGELA SUB-COUNTY HOSPITAL,549040
KITENGELA WEST HOSPITAL,9137700
KITENGELA WEST HOSPITAL,2374950
KITUI COUNTY REFERRAL HOSPITAL,5557840
KITUI COUNTY REFERRAL HOSPITAL,1186410
KIUNGA HEALTH CENTRE,29120
KIUNGA HEALTH CENTRE,6720
KIVAA HEALTH CENTRE,6720
KIVAA HEALTH CENTRE,6720
KOBUJOI MISSION HOSPITAL,1169280
KOBUJOI MISSION HOSPITAL,248640
KOBUYA HEALTH CENTRE,31360
KOCHOLWO HEALTH CENTRE,60480
KOCHOLWO HEALTH CENTRE,6720
KOIWA HEALTH CENTRE,4480
KOKECH MIRONDO HEALTH CENTRE,47040
KOLANYA SALVATION ARMY HEALTH CENTRE,349440
KOLANYA SALVATION ARMY HEALTH CENTRE,40320
KOMAROCK MODERN HEALTHCARE- KATHWANA,649650
KOMAROCK MODERN HEALTHCARE- KATHWANA,213000
KOMAROCK MODERN HEALTHCARE UTAWALA,2098049
KOMAROCK MODERN HEALTHCARE UTAWALA,511200
KOMBEWA SUB-COUNTY HOSPITAL,645120
KOMBEWA SUB-COUNTY HOSPITAL,87360
KONGONI HEALTH CENTRE,4480
KONGONI HEALTH CENTRE,4480
KONYAO DISPENSARY,15680
KONYAO DISPENSARY,4480
KOPSIRO MODEL HEALTH CENTRE,83920
KOPSIRO MODEL HEALTH CENTRE,4480
KOROSIANDET HEALTH CENTRE,379600
KOROSIANDET HEALTH CENTRE,134400
KORY FAMILY HOSPITAL KIMILILI,2364300
KORY FAMILY HOSPITAL KIMILILI,1554900
KOTULO SUB-COUNTY REFERRAL HOSPITAL,6720
KPN PEARL HEALTH LIMITED,308850
KPN PEARL HEALTH LIMITED,85200
KUTULO HEALTH CENTER,64960
KUTULO HEALTH CENTER,22400
KWALE SUB-COUNTY REFERRAL HOSPITAL,114240
KWALE SUB-COUNTY REFERRAL HOSPITAL,26880
KWANZA SUB-COUNTY HOSPITAL,16800
KWANZA SUB-COUNTY HOSPITAL,6720
KWOYO HEALTH CENTRE,176960
KWOYO HEALTH CENTRE,4480
KYUSO SUB COUNTY HOSPITAL,26880
KYUSO SUB COUNTY HOSPITAL,24640
LAARE HEALTH CENTRE,6720
LADNAN HOSPITAL,2864850
LADNAN HOSPITAL,639000
LADNAN HOSPITAL WAJIR,5143950
LADNAN HOSPITAL WAJIR,990450
LAGBOGOL HEALTH CENTRE,4480
LAISAMIS SUB COUNTY HOSPITAL,215040
LAISAMIS SUB COUNTY HOSPITAL,26880
LAMU COUNTY REFERRAL HOSPITAL,1384020
LAMU COUNTY REFERRAL HOSPITAL,513630
LANGAS RACECOURSE NURSING HOME,6720
LANGATA SUB-COUNTY HOSPITAL,347520
LENGO MEDICAL CLINIC,4480
LIBERTY CANCER AND WELLNESS CENTRE,10959430
LIBERTY CANCER AND WELLNESS CENTRE,4784782
LIETA HEALTH CENTRE,44800
LIFECARE HOSPITAL LIMITED-KIKUYU,3978750
LIFECARE HOSPITAL LIMITED-KIKUYU,1001100
LIFECARE HOSPITAL LIMITED-MERU,937200
LIFECARE HOSPITAL LIMITED-MERU,138450
LIFECARE HOSPITAL MIGORI,2438850
LIFECARE HOSPITAL MIGORI,351450
LIFECARE HOSPITAL-ELDORET LIMITED,4078950
LIFECARE HOSPITAL-ELDORET LIMITED,958500
LIGEGA HEALTH CENTRE,4480
LIHANDA HEALTH CENTRE,15680
LIKINDU HEALTH CENTRE,69440
LIKINDU HEALTH CENTRE,58240
LIKONI CATHOLIC HOSPITAL,271040
LIKONI SUB-COUNTY HOSPITAL,47040
LIKONI SUB-COUNTY HOSPITAL,23520
LIKUYANI SUB COUNTY HOSPITAL,2990320
LIKUYANI SUB COUNTY HOSPITAL,775920
LITARE COMMUNITY HEALTH CENTRE,22400
LITTLE SISTERS OF ST. FRANCIS- ST. CLARE MEDICAL CENTRE,56000
LIVING ROOM INTERNATIONAL,6096562
LIVING ROOM INTERNATIONAL,1235865
LOBEI HEALTH CENTRE,49280
LODWAR COUNTY REFERRAL HOSPITAL,909600
LODWAR COUNTY REFERRAL HOSPITAL,238110
LOITOKITOK SUB-COUNTY HOSPITAL,890400
LOITOKITOK SUB-COUNTY HOSPITAL,107520
LOKICHAR SUB COUNTY HOSPITAL,4480
LOKORI SUB-COUNTY HOSPITAL,22400
LONDIANI SUB-COUNTY HOSPITAL,782880
LONDIANI SUB-COUNTY HOSPITAL,174720
LONDON MEDICAL & DIALYSIS CENTRE LIMITED,6847942
LONDON MEDICAL & DIALYSIS CENTRE LIMITED,915900
LONGISA COUNTY REFERAL HOSPITAL,3026600
LONGISA COUNTY REFERAL HOSPITAL,1153490
LOPIDING SUB COUNTY HOSPITAL,50400
LOPIDING SUB COUNTY HOSPITAL,20160
LUKOLIS MODEL HEALTH CENTRE,42560
LUMAKANDA SUB-COUNTY HOSPITAL,423120
LUMAKANDA SUB-COUNTY HOSPITAL,110880
LUMUMBA SUB-COUNTY HOSPITAL,865440
LUMUMBA SUB-COUNTY HOSPITAL,745040
LUNGA LUNGA SUB-COUNTY HOSPITAL,73920
LUNG'ANYIRO MODEL HEALTH CENTRE,17920
LUNG'ANYIRO MODEL HEALTH CENTRE,6720
LUPIDA HEALTH CENTRE,163520
LUPIDA HEALTH CENTRE,26880
LUSHEYA HEALTH CENTRE,78400
LUSHEYA HEALTH CENTRE,29120
LUSIGETTI SUB COUNTY HOSPITAL,20160
LUSIGETTI SUB COUNTY HOSPITAL,3360
LUTON MEDICAL HOSPITAL LIMITED,2044800
LUTON MEDICAL HOSPITAL LIMITED,1586850
LUUYA HEALTH CENTRE,6720
LWALA COMMUNITY HOSPITAL,4480
LWANDA HEALTH CENTRE,100800
LWANDA HEALTH CENTRE,38080
LWANDANYI HEALTH CENTRE,649600
LWANDANYI HEALTH CENTRE,181440
LYANAGINGA HEALTH CENTRE,12240
LYANAGINGA HEALTH CENTRE,8960
MAALIMIN DISPENSARY,4480
MACALDER SUB-COUNTY HOSPITAL,181440
MACALDER SUB-COUNTY HOSPITAL,23520
MACHAKOS COUNTY REFERRAL HOSPITAL,14859036
MACHAKOS COUNTY REFERRAL HOSPITAL,3468541
MADENDE MODEL HEALTH CENTRE,64960
MADIANY SUB COUNTY HOSPITAL,6720
MADIANY SUB-COUNTY HOSPITAL,342400
MADIANY SUB-COUNTY HOSPITAL,117600
MAENDELEO CLINIC,123200
MAENDELEO CLINIC,15680
MAGINA HEALTH CENTRE - HOMABAY,268800
MAGINA HEALTH CENTRE - HOMABAY,104080
MAGUNGA LEVEL 4 HOSPITAL,880320
MAGUNGA LEVEL 4 HOSPITAL,608160
MAGUTUNI SUB-COUNTY HOSPITAL,168000
MAGUTUNI SUB-COUNTY HOSPITAL,60480
MAHAYA HEALTH CENTRE,4480
MAIDA HEALTHCARE LIMITED,3365400
MAIDA HEALTHCARE LIMITED,500550
MAISHA MEDICAL CLINIC,4480
MAKADARA HEALTH CARE,13440
MAKADARA HOSPITAL,741600
MAKADARA HOSPITAL,427520
MAKHONGE HEALTH CENTRE,33600
MAKHONGE HEALTH CENTRE,4480
MAKINDU DISTRICT HOSPITAL,6720
MAKINDU SUB-COUNTY HOSPITAL,803941
MAKINDU SUB-COUNTY HOSPITAL,232200
MAKONGENI HEALTH CENTRE,1065120
MAKONGENI HEALTH CENTRE,235200
MAKUENI COUNTY REFERRAL HOSPITAL,3489960
MAKUENI COUNTY REFERRAL HOSPITAL,652040
MAKUNGA RURAL HEALTH DEMONSTRATION CENTRE,544320
MAKUTANO DISPENSARY (SOYSAMBU/MITUA),6720
MALAKISI HEALTH CENTRE,656320
MALAKISI HEALTH CENTRE,134400
MALAKISI HEALTH CENTRE,6720
MALAVA SUB COUNTY HOSPITAL,526400
MALAVA SUB COUNTY HOSPITAL,127680
MALELA DISPENSARY,178080
MALELA DISPENSARY,30240
MALINDI SUB-COUNTY HOSPITAL,2832840
MALINDI SUB-COUNTY HOSPITAL,466080
MAMA ANNS ODEDE COMMUNITY HEALTH CENTRE,109760
MAMA ANNS ODEDE COMMUNITY HEALTH CENTRE,26880
MAMA BIRITA HOSPITAL LIMITED,3663600
MAMA BIRITA HOSPITAL LIMITED,511200
MAMA BIRITA HOSPITAL LTD,106500
MAMA LUCY KIBAKI HOSPITAL,4761140
MAMA LUCY KIBAKI HOSPITAL,847380
MAMA LUCY KIBAKI HOSPITAL (EMBAKASI),47630
MAMA MARGARET UHURU HOSPITAL,26880
MAMA PLISTER BLAIR HEALTH CENTRE,80640
MAMA PLISTER BLAIR HEALTH CENTRE,13440
MAMA RACHEL RUTO MATERNITY HOSPITAL,315840
MAMA RACHEL RUTO MATERNITY HOSPITAL,63840
MAMO MEMORIAL HOSPITAL,26880
MANDERA COUNTY REFERRAL HOSPITAL,1771290
MANDERA COUNTY REFERRAL HOSPITAL,210190
MANDERA COUNTY REFFERAL HOSPITAL,31950
MANDERA WEST NURSING HOME,10080
MANGA SUB-COUNTY HOSPITAL,478160
MANGA SUB-COUNTY HOSPITAL,138880
MANSA HEALTH CENTRE,6720
MANYALA SUB COUNTY HOSPITAL,450240
MANYALA SUB COUNTY HOSPITAL,114240
MANYALA SUB COUNTY HOSPITAL,13440
MANYUANDA SUB-COUNTY HOSPITAL,100800
MANYUANDA SUB-COUNTY HOSPITAL,35840
MARAFA HEALTH CENTRE,100800
MARAFA HEALTH CENTRE,6720
MARAGUA SUB COUNTY HOSPITAL,275520
MARAGUA SUB COUNTY HOSPITAL,84000
MARANI SUB-COUNTY REFERRAL HOSPITAL,252000
MARANI SUB-COUNTY REFERRAL HOSPITAL,43680
MARENYO HEALTH CENTRE,13440
MARENYO HEALTH CENTRE,6720
MARIA IMMACULATA HOSPITAL LAVINGTON,77280
MARIAKANI COMMUNITY HEALTHCARE SERVICES,24640
MARIAKANI SUB-COUNTY HOSPITAL,981120
MARIAKANI SUB-COUNTY HOSPITAL,191520
MARIE STOPES KENYA EASTLEIGH NURSING HOME,6720
MARIGAT CATHOLIC MISSION HEALTH CENTRE,776160
MARIGAT CATHOLIC MISSION HEALTH CENTRE,564480
MARIGAT CATHOLIC MISSION HEALTH CENTRE,456960
MARIGAT CATHOLIC MISSION HEALTH CENTRE,97440
MARIGAT SUB COUNTY HOSPITAL,10080
MARIGAT SUB-COUNTY HOSPITAL,305760
MARIGAT SUB-COUNTY HOSPITAL,16800
MARIMANTI SUB COUNTY HOSPITAL,524160
MARIMANTI SUB COUNTY HOSPITAL,151200
MARINDI SUB-COUNTY HOSPITAL,597840
MARINDI SUB-COUNTY HOSPITAL,40320
MARIWA HEALTH CENTRE,6720
MARK TUMAINI MEDICAL CENTRE - KIRURA,6720
MARSABIT COUNTY REFERAL HOSPITAL,2608046
MARSABIT COUNTY REFERAL HOSPITAL,599189
MARY HELP OF THE SICK HOSPITAL,213000
MARY HELP OF THE SICK MISSION HOSPITAL,42600
MARY HELPER OF THE SICK HEALTH CENTRE NGARARIGA MISSION,470400
MARY IMMACULATE HEALTH CENTRE KAPTAGAT,225040
MARY IMMACULATE HEALTH CENTRE KAPTAGAT,142320
MARY IMMACULATE KERUGOYA HOSPITAL,1757250
MARY IMMACULATE KERUGOYA HOSPITAL,1522950
MASABA HOSPITAL LIMITED,52110
MASABA HOSPITAL LTD MASENO,1991550
MASABA HOSPITAL LTD MASENO,308850
MASABA SUB-COUNTY HOSPITAL,1220960
MASABA SUB-COUNTY HOSPITAL,163600
MASIMBA SUB-COUNTY HOSPITAL,36960
MASIMBA SUB-COUNTY HOSPITAL,26880
MASOGO SUB-COUNTY HOSPITAL,184800
MASOGO SUB-COUNTY HOSPITAL,40320
MATATA NURSING HOME,36960
MATER MISERICORDIAE HOSPITAL NAIROBI,92990
MATETE HEALTH CENTRE,456960
MATETE HEALTH CENTRE,145600
MATILIKU DISTRICT HOSPITAL,10080
MATILIKU SUB-COUNTY HOSPITAL,272160
MATILIKU SUB-COUNTY HOSPITAL,77280
MATUNDA SUB COUNTY HOSPITAL MATUNDA,729120
MATUNDA SUB COUNTY HOSPITAL MATUNDA,6720
MATUNDA SUB-COUNTY HOSPITAL,6720
MATUNGU SUB COUNTY HOSPITAL,624960
MATUNGU SUB COUNTY HOSPITAL,123200
MATUNGU SUB-DISTRICT HOSPITAL,4480
MATUU MISSION HEALTH CENTRE,418880
MATUU MISSION HEALTH CENTRE,109760
MATUU MISSION HEALTH CENTRE,6720
MATUU SUB DISTRICT HOSPITAL,211680
MATUU SUB DISTRICT HOSPITAL,50400
MAUA METHODIST HOSPITAL,1404480
MAUA METHODIST HOSPITAL,219520
MAVOKO SNP HEALTH CENTRE,33600
MAYANJA HEALTH CENTRE,2240
MBAGATHI COUNTY REFERRAL HOSPITAL,6929020
MBAGATHI COUNTY REFERRAL HOSPITAL,1326350
MBAGATHI COUNTY REFERRAL HOSPITAL,660300
MBALE RURAL HEALTH TRAINING CENTRE,22400
MBEERE SUB-COUNTY HOSPITAL,40320
MBOONI SUB COUNTY HOSPITAL,436800
MBOONI SUB COUNTY HOSPITAL,47040
MBUGONI HEALTH CENTER,165760
MBUGONI HEALTH CENTER,11200
MECHIMERU HEALTH CENTRE,252960
MECHIMERU HEALTH CENTRE,6720
MEDIFORTE HOSPITAL LIMITED,2864850
MEDIFORTE HOSPITAL LIMITED,394050
MEDILIFE HOSPITAL LIMITED,1235400
MEDILIFE HOSPITAL LIMITED,340800
MEDILIFE HOSPITAL LIMITED,31950
MEDINA MEDICARE HOSPITAL LIMITED- HOLA,692250
MEDINA MEDICARE HOSPITAL LIMITED- HOLA,255600
MEGALIFE HOSPITAL LIMITED,8583900
MEGALIFE HOSPITAL LIMITED,906300
MENORAH HOSPITAL (K )LTD-WESTLANDS MEDICAL CENTRE,1948950
MENORAH HOSPITAL (K )LTD-WESTLANDS MEDICAL CENTRE,702900
MENORAH MEDICAL INSTITUTE K LIMITED,1107600
MENORAH MEDICAL INSTITUTE K LIMITED,234300
MEPHI HEALTH SERVICES,2715750
MEPHI HEALTH SERVICES,702900
MERCY HOSPITAL,40320
MERCY MISSION HOSPITAL,1360800
MERCY MISSION HOSPITAL,204960
MERU DOCTORS PLAZA LIMITED,76648772
MERU DOCTORS PLAZA LIMITED,19844228
MERU TEACHING AND REFERRAL HOSPITAL,9587184
MERU TEACHING AND REFERRAL HOSPITAL,2010063
METEITEI SUB-COUNTY HOSPITAL,708720
METEITEI SUB-COUNTY HOSPITAL,107520
METROPOLITAN HOSPITAL,11629800
METROPOLITAN HOSPITAL,2992650
MEWA HOSPITAL MOMBASA,7785030
MEWA HOSPITAL MOMBASA,858720
MIATHENE SUB-COUNTY HOSPITAL,57120
MIDLAND HEALTH CENTRE,49280
MIDLAND HEALTH CENTRE,20160
MIENDO HEALTH CENTRE,11200
MIENDO HEALTH CENTRE,11200
MIGORI COUNTY REFERRAL HOSPITAL,3451130
MIGORI COUNTY REFERRAL HOSPITAL,667640
MIGOSI SUB-COUNTY HOSPITAL,134400
MIGOSI SUB-COUNTY HOSPITAL,67200
MIGWANI SUB COUNTY HOSPITAL,258720
MIGWANI SUB COUNTY HOSPITAL,43680
MIHUU HEALTH CENTRE,58240
MIHUU HEALTH CENTRE,49280
MIKINDURI CATHOLIC CHURCH HEALTH CENTRE,6720
MIKINDURI SUB COUNTY HOSPITAL,47040
MIKINDURI SUB COUNTY HOSPITAL,13440
MIKUMBUNE SUB-COUNTY HOSPITAL,426720
MIKUMBUNE SUB-COUNTY HOSPITAL,104160
MILO HEALTH CENTRE,156800
MILO HEALTH CENTRE,42560
MILUKI HEALTH CENTRE,129920
MILUKI HEALTH CENTRE,13440
MIRIU HEALTH CENTRE,308880
MIRIU HEALTH CENTRE,130320
MISESI HEALTH CENTRE,62720
MODING HEALTH CENTRE,47040
MODING HEALTH CENTRE,22400
MODOGASHE SUB-COUNTY HOSPITAL,127680
MODOGASHE SUB-COUNTY HOSPITAL,3360
MOGORI KOMASIMO HEALTH CENTRE,26880
MOGORI KOMASIMO HEALTH CENTRE,6720
MOGOTIO RHDC- NAKURU,54800
MOGOTIO RHDC- NAKURU,20160
MOGOTIO SUB-COUNTY HOSPITAL,430080
MOGOTIO SUB-COUNTY HOSPITAL,47040
MOGOTIO SUB-COUNTY HOSPITAL BARINGO,6720
MOI TEACHING AND REFERRAL HOSPITAL,92792636
MOI TEACHING AND REFERRAL HOSPITAL,21150760
MOI VOI COUNTY REFERRAL HOSPITAL,838020
MOI VOI COUNTY REFERRAL HOSPITAL,102510
MOI'S BRIDGE MISSION HEALTH CENTRE,15680
MOKOWE HEALTH CENTRE,63840
MOKOWE HEALTH CENTRE,33600
MOKOWE MEDICAL CENTRE-FAZA,436800
MOKOWE MEDICAL CENTRE-FAZA,91840
MOLO SUB-COUNTY HOSPITAL,692160
MOLO SUB-COUNTY HOSPITAL,131040
MOMBASA CANCER CENTRE,10723398
MOMBASA CANCER CENTRE,2867266
MOMBASA CATHOLIC CBHC SERVICES,161280
MOMBASA HOSPITAL ASSOCIATION,170400
MOMBASA HOSPITAL ASSOCIATION,127800
MOSORIOT SUB-COUNTY HOSPITAL,383040
MOSORIOT SUB-COUNTY HOSPITAL,110880
MOTHER & CHILD HOSPITAL,48750
MOTHER AMADEA MISSION HOSPITAL,4015200
MOTHER AMADEA MISSION HOSPITAL,453440
MOTHER AND CHILD HOSPITAL,979800
MOTHER AND CHILD HOSPITAL,181050
MOTHER ANGELA HURUMA HOSPITAL,215040
MOTHER ANGELA HURUMA HOSPITAL,30240
MOTHER FRANCISCA MISSION MATERNITY AND HEALTH CENTRE,383040
MOTHER FRANCISCA MISSION MATERNITY AND HEALTH CENTRE,43680
MOTHER KEVIN HOSPITAL (CATHOLIC),1223040
MOTHER KEVIN HOSPITAL (CATHOLIC),245280
MOUNT KENYA SUB-COUNTY HOSPITAL,144480
MOUNT KENYA SUB-COUNTY HOSPITAL,63840
MOYALE SUB-COUNTY HOSPITAL,1102080
MOYALE SUB-COUNTY HOSPITAL,403200
MP SHAH HOSPITAL,9105750
MP SHAH HOSPITAL,2044800
MPEKETONI SUB COUNTY HOSPITAL,403200
MPEKETONI SUB COUNTY HOSPITAL,245040
MRIMA HEALTH CENTRE,130960
MRIMA HEALTH CENTRE,73920
MSAMBWENI COUNTY REFERRAL HOSPITAL,1547010
MSAMBWENI COUNTY REFERRAL HOSPITAL,175270
MT ELGON SUB COUNTY HOSPITAL,6720
MT KENYA (ACK) HOSPITAL,404700
MT. KENYA ACK HOSPITAL,9212250
MT. KENYA ACK HOSPITAL,2031550
MT.ELGON SUB-COUNTY HOSPITAL,721319
MT.ELGON SUB-COUNTY HOSPITAL,94000
MTITO ANDEI SUB COUNTY HOSPITAL,305760
MTITO ANDEI SUB COUNTY HOSPITAL,120960
MTWAPA HALTH CENTRE,199360
MTWAPA HALTH CENTRE,26880
MUANDA HEALTH CENTRE,58240
MUANDA HEALTH CENTRE,13440
MUHAKA HEALTH CENTRE,244160
MUHORONI SUB-COUNTY HOSPITAL,1336000
MUHORONI SUB-COUNTY HOSPITAL,551760
MUHURU SUB-COUNTY HOPSITAL,73920
MUHURU SUB-COUNTY HOPSITAL,23520
MUKHE HEALTH CENTRE,132160
MUKHOBOLA HEALTH CENTRE,47040
MUKHOBOLA HEALTH CENTRE,4480
MUKURWE-INI SUB-COUNTY HOSPITAL,416640
MUKURWE-INI SUB-COUNTY HOSPITAL,161640
MUKUYU HEALTH CENTRE,4480
MUMIAS LEVEL 4 HOSPITAL,562960
MUMIAS LEVEL 4 HOSPITAL,126480
MUMIAS MODEL HEALTH CENTRE,6720
MUNDOBELWA HEALTH CENTRE,147840
MUNDOBELWA HEALTH CENTRE,42560
MURANGA COUNTY REFERRAL HOSPITAL,9303150
MURANGA COUNTY REFERRAL HOSPITAL,2306820
MURIRANJAS SUB-COUNTY HOSPITAL,144480
MURIRANJAS SUB-COUNTY HOSPITAL,80640
MUSIKOMA HEALTH CENTRE,123760
MUTHA HEALTH CENTRE,2240
MUTHALE MISSION HOSPITAL,927360
MUTHALE MISSION HOSPITAL,151200
MUTHARA SUB-COUNTY HOSPITAL,255360
MUTHARA SUB-COUNTY HOSPITAL,90720
MUTITU SUB-COUNTY HOSPITAL,20160
MUTITU SUB-COUNTY HOSPITAL,6720
MUTOMO HEALTH CENTRE,40320
MUTOMO HEALTH CENTRE,6720
MUTUATI CATHOLIC MISSION HOSPITAL,231840
MUTUATI CATHOLIC MISSION HOSPITAL,30240
MUTUATI SUB-COUNTY HOSPITAL,762720
MUTUATI SUB-COUNTY HOSPITAL,319200
MWALA SUB-COUNTY HOSPITAL,87360
MWALA SUB-COUNTY HOSPITAL,20160
MWATATE SUB COUNTY HOSPITAL,497200
MWATATE SUB COUNTY HOSPITAL,171280
MWIKI HEALTH CENTRE,257040
MWIKI HEALTH CENTRE,102400
MWINGI DOCTOR'S PLAZA LIMITED,3266498
MWINGI DOCTOR'S PLAZA LIMITED,692250
MWINGI FAITH MEDICAL CENTRE,51520
MWINGI FAITH MEDICAL CENTRE,6720
MWINGI HOSPITAL (KITUI),10080
MWINGI MEDICARE CENTRE-LTD,719040
MWINGI MEDICARE CENTRE-LTD,174720
MYER KIDNEY & HEALTH SPECIALITIES HOSPITAL,8775600
MYER KIDNEY & HEALTH SPECIALITIES HOSPITAL,1480350
NAIN RENAL AND SPECIALITY CENTER LIMITED,3471897
NAIN RENAL AND SPECIALITY CENTER LIMITED,213000
NAIROBI EAST HOSPITAL LTD,2854200
NAIROBI EAST HOSPITAL LTD,628350
NAIROBI KIDNEY CENTRE,2172600
NAIROBI KIDNEY CENTRE,53250
NAIROBI RADIOTHERAPY AND CANCER CENTRE - KINDARUMA,20524054
NAIROBI RADIOTHERAPY AND CANCER CENTRE - KINDARUMA,4659419
NAIROBI SOUTH HOSPITAL,170400
NAIROBI WEST HOSPITAL,66047486.4
NAIROBI WEST HOSPITAL,8345362
NAIROBI WOMEN HOSPITAL - NAKURU CBD,4480
NAIROBI WOMEN HOSPITAL(NAIVASHA BRANCH),13440
NAITIRI SUB-COUNTY HOSPITAL,641760
NAITIRI SUB-COUNTY HOSPITAL,110880
NAIVASHA SUB-COUNTY HOSPITAL,5035590
NAIVASHA SUB-COUNTY HOSPITAL,1165990
NAKURU HEART CENTRE,189050
NAKURU HEART CENTRE,10650
NAKWAMORU HEALTH CENTRE,938560
NAKWAMORU HEALTH CENTRE,165760
NALONDO MODEL HOSPITAL,337040
NALONDO MODEL HOSPITAL,73920
NAMANGA HEALTH CENTRE,24640
NAMBALE SUB-COUNTY HOSPITAL,420000
NAMORUPUTH PAG HEALTH CENTRE,8960
NANDI HILLS SUB-COUNTY HOSPITAL,369600
NANDI HILLS SUB-COUNTY HOSPITAL,20160
NANYUKI COUNTY REFERRAL HOSPITAL,9419790
NANYUKI COUNTY REFERRAL HOSPITAL,2404320
NAROK COTTAGE HOSPITAL,2578300
NAROK COTTAGE HOSPITAL,713550
NAROK COUNTY REFERRAL HOSPITAL,5911380
NAROK COUNTY REFERRAL HOSPITAL,1305210
NAROSURA HEALTH CENTRE,11200
NAROSURA HEALTH CENTRE,6720
NASEWA HEALTH CENTRE,6720
NASIANDA HEALTH CENTRE,159040
NASUSI HEALTH CENTRE,4480
NAVAKHOLO SUB COUNTY HOSPITAL,403200
NAVAKHOLO SUB COUNTY HOSPITAL,80640
NAZARETH HOSPITAL,12096140
NAZARETH HOSPITAL,2668690
NAZARETH RUIRU HOSPITAL,497280
NAZARETH RUIRU HOSPITAL,127680
NDALU HEALTH CENTRE,228480
NDALU HEALTH CENTRE,38080
NDANAI SUB-COUNTY HOSPITAL,20160
NDANAI SUB-COUNTY HOSPITAL,16800
NDENGELWA HEALTH CENTRE,38080
NDHIWA SUB-COUNTY HOSPITAL,2862640
NDHIWA SUB-COUNTY HOSPITAL,315840
NDHURU HEALTH CENTRE,6720
NDINDIKA SUB-COUNTY HOSPITAL,288960
NDINDIKA SUB-COUNTY HOSPITAL,60480
NDIRU HEALTH CENTRE,1350400
NDIRU HEALTH CENTRE,228480
NDITHINI HEALTH CENTRE,13440
NDORI HEALTH CENTRE,4480
NDORI HEALTH CENTRE,4480
NDURU SUB-COUNTY HOSPITAL,164640
NEPHRO MED LIMITED,7527689
NEPHRO MED LIMITED,969520
NEPHROCARE CLINIC LIMITED,11448750
NEPHROCARE CLINIC LIMITED,2396250
NEPHROMED LIMITED - MOMBASA,915895
NEPHROMED LIMITED - MOMBASA,106500
NEW ELGON VIEW MEDICAL COTTAGE,1160200
NEW ELGON VIEW MEDICAL COTTAGE,330000
NGALASIA DISPENSARY,163520
NGALASIA DISPENSARY,33600
NGAO SUB-COUNTY HOSPITAL,6720
NGAO SUB-COUNTY HOSPITAL,6720
NGARUA HEALTH CENTRE,26880
NGONG SUB COUNTY HOSPITAL,238560
NGONG SUB COUNTY HOSPITAL,3360
NIGHTINGALE MEDICAL CENTRE,26880
NIGHTINGALE MEDICAL CENTRE MILIMANI,1363200
NIGHTINGALE MEDICAL CENTRE MILIMANI,372750
NJORO SUB-COUNTY HOSPITAL,73920
NJORO SUB-COUNTY HOSPITAL,10080
NORTH KINANGOP CATHOLIC HOSPITAL,17206551
NORTH KINANGOP CATHOLIC HOSPITAL,4244730
NTHONGONI HEALTH CENTRE,11200
NTIMARU SUB-COUNTY HOSPITAL,221760
NTIMARU SUB-COUNTY HOSPITAL,120960
NYABOHANSE MEDICAL CENTRE,8960
NYABURI CLINIC,58240
NYACHE HEALTH CENTRE,4480
NYACHEKI SUB-COUNTY HOSPITAL,127680
NYAHERA HEALTH CENTRE,33600
NYAHERA HEALTH CENTRE,13440
NYAHURURU COUNTY REFERRAL HOSPITAL,6308110
NYAHURURU COUNTY REFERRAL HOSPITAL,1519110
NYAHURURU DISTRICT HOSPITAL,298200
NYAHURURU DISTRICT HOSPITAL,225870
NYAKACH SUB-COUNTY HOSPITAL,461680
NYAKACH SUB-COUNTY HOSPITAL,76160
NYALI BRIDGE MEDICAL CENTRE,330150
NYALI BRIDGE MOMBASA HOSPITAL LTD,8090250
NYALI BRIDGE MOMBASA HOSPITAL LTD,1799850
NYALI CHILDREN HOSPITAL,6720
NYALKINYI HEALTH CENTRE,38080
NYAMACHE DISTRICT HOSPITAL,20730
NYAMACHE SUB-COUNTY HOSPITAL,333900
NYAMACHE SUB-COUNTY HOSPITAL,109230
NYAMAGUNDO SUB-COUNTY HOSPITAL,3360
NYAMAGUNDO SUB-COUNTY HOSPITAL,3360
NYAMAGWA HEALTH CENTRE,58240
NYAMAGWA HEALTH CENTRE,4480
NYAMASE MEDICAL CENTRE,138880
NYAMBENE SUB-COUNTY HOSPITAL,5387970
NYAMBENE SUB-COUNTY HOSPITAL,925350
NYAMEKONGOROTO HEALTH CENTRE,56000
NYAMEKONGOROTO HEALTH CENTRE,8960
NYAMIRA COUNTY REFERAL HOSPITAL,3690720
NYAMIRA COUNTY REFERAL HOSPITAL,1005360
NYAMUSI SUB-COUNTY HOSPITAL,63840
NYAMUSI SUB-COUNTY HOSPITAL,26880
NYANDIWA DISPENSARY,10080
NYANEJE HEALTH CENTRE,13440
NYANGENA HOSPITAL LTD,2012850
NYANGENA HOSPITAL LTD,591890
NYANGENA LEVEL 4 HOSPITAL,490560
NYANGENA LEVEL 4 HOSPITAL,67200
NYANGIELA SUB-COUNTY HOSPITAL,90720
NYANGIELA SUB-COUNTY HOSPITAL,3360
NYANG'OMA SUB-COUNTY HOSPITAL,127120
NYANG'OMA SUB-COUNTY HOSPITAL,90400
NYAWITA MEDICAL CLINIC,35840
NYERI COUNTY REFERRAL HOSPITAL,11779170
NYERI COUNTY REFERRAL HOSPITAL,2476000
OAK TREE CENTRE FOR KIDNEY & CHRONIC DISEASES LTD,7582800
OAK TREE CENTRE FOR KIDNEY & CHRONIC DISEASES LTD,7124850
OASIS SPECIALIST HOSPITAL,6287460
OASIS SPECIALIST HOSPITAL,4348486
OASIS SURGICAL CENTRE LIMITED,56000
OBER HEALTH CENTRE,104160
OBER HEALTH CENTRE,53760
OBER KAMOTH SUB-COUNTY HOSPITAL,60480
OBER KAMOTH SUB-COUNTY HOSPITAL,23520
ODINO HEALTH CENTRE,26880
OGANGO HEALTH CENTRE,15680
OGONGO SUB-COUNTY HOSPITAL,497280
OGONGO SUB-COUNTY HOSPITAL,10080
OKIKI AMAYO MEMORIAL HEALTH CENTRE,67200
OLBUTYO HEALTH CENTRE,4480
OLBUTYO HEALTH CENTRE,2240
OLDANYATI HEALTH CENTRE,2240
OLJABET HOSPITAL,1640100
OLJABET HOSPITAL,213000
OLOLULUNGA SUB-COUNTY HOSPITAL,33600
OLOLULUNGA SUB-COUNTY HOSPITAL,6720
ONGATA RONGAI SUB COUNTY HOSPITAL,198240
ONGO HEALTH CENTRE,116480
ONGO HEALTH CENTRE,29120
ORTUM MISSION HOSPITAL,416640
ORTUM MISSION HOSPITAL,43680
OSCAR SPECIALIST HOSPITAL LIMITED,17552991
OSCAR SPECIALIST HOSPITAL LIMITED,4968498
OSIEPE HEALTH CENTRE,13440
OTHAYA SUB-COUNTY HOSPITAL,174720
OTHAYA SUB-COUNTY HOSPITAL,53760
OTHORO LEVEL 4 HOSPITAL- RACHUONYO,43680
OTONDO HEALTH CENTRE,26880
OUR LADY OF LOURDES MUTOMO HOSPITAL,1081920
OUR LADY OF LOURDES MUTOMO HOSPITAL,235200
OUR LADY OF LOURDES MWEA HOSPITAL,5378250
OUR LADY OF LOURDES MWEA HOSPITAL,692250
OUR LADY OF LOURDES RANGALA MISSION HOSPITAL,73920
OUTSPAN HOSPITAL,29023516.13
OUTSPAN HOSPITAL,7447168.82
OYANI SUB-COUNTY HOSPITAL,695520
OYANI SUB-COUNTY HOSPITAL,110880
OYOMBE HEALTH CENTRE,33600
OYOMBE HEALTH CENTRE,6720
P.A.G. (K) MISSION HOSPITAL GOIBEI,127680
P.A.G. (K) MISSION HOSPITAL GOIBEI,20160
P.C.E.A HOSPITAL(TUMUTUMU) KARATINA,43710
P.C.E.A KIKUYU HOSPITAL,13829380
P.C.E.A KIKUYU HOSPITAL,1508900
PALMA MEDICAL CENTRE,20160
PANDYA MEMORIAL HOSPITAL,6240900
PANDYA MEMORIAL HOSPITAL,1831800
PAP KODERO HEALTH CENTRE,82880
PAP KODERO HEALTH CENTRE,29120
PARKLANDS KIDNEY CENTRE LTD,7050300
PARKLANDS KIDNEY CENTRE LTD,5964000
PCEA CHOGORIA HOSPITAL,22613231
PCEA CHOGORIA HOSPITAL,1215235
PCEA TUMUTUMU MISSION HOSPITAL,12113750
PCEA TUMUTUMU MISSION HOSPITAL,2706970
PLAINSVIEW NURSING HOME LTD,2971350
PLAINSVIEW NURSING HOME LTD,575100
PLAZA SPECIALIST HOSPITAL LIMITED,2641200
PLAZA SPECIALIST HOSPITAL LIMITED,639000
POPE BENEDICT XVI HOSPITAL,8451900
POPE BENEDICT XVI HOSPITAL,2199240
PORT VICTORIA SUB-COUNTY HOSPITAL,497280
PORT VICTORIA SUB-COUNTY HOSPITAL,110880
PORT-REITZ SUB COUNTY HOSPITAL,742560
PORT-REITZ SUB COUNTY HOSPITAL,50400
PREMIER HOSPITAL,26687241.65
PREMIER HOSPITAL,6143703
PROVINCIAL GENERAL HOSPITAL ANNEX NAKURU,693280
PROVINCIAL GENERAL HOSPITAL ANNEX NAKURU,90720
PRUDENT COTTAGE HOSPITAL,394050
PRUDENT COTTAGE HOSPITAL,74550
PUMWANI MATERNITY AND REFERRAL HOSPITAL,1986080
PUMWANI MATERNITY AND REFERRAL HOSPITAL,599760
R.C.E.A PLATEAU MISSION HOSPITAL,309120
R.C.E.A PLATEAU MISSION HOSPITAL,47040
RABAI RURAL HEALTH DEMONSTRATION CENTRE,295680
RACECOURSE HOSPITAL,1373850
RACECOURSE HOSPITAL,1054350
RACHAR HEALTH CENTRE,24640
RACHUONYO EAST SUB-COUNTY HOSPITAL,107200
RACHUONYO EAST SUB-COUNTY HOSPITAL,70400
RADIANT GROUP HOSPITAL LIMITED PANGANI,1363200
RADIANT GROUP HOSPITAL LIMITED PANGANI,372750
RADIANT GROUP OF HOSPITALS KIAMBU,1778550
RADIANT GROUP OF HOSPITALS KIAMBU,42600
RAGWE HEALTH CENTRE,123200
RAM HOSPITAL LTD KISII,8669100
RAM HOSPITAL LTD KISII,287550
RAMRAJ MEDICAL CENTRE LTD,277965
RAMULA HEALTH CENTRE,349440
RANGWE SUB-COUNTY HOSPITAL,161280
RANGWE SUB-COUNTY HOSPITAL,6720
RAPHA DIALYSIS AND DIAGNOSTIC CENTRE,16858950
RAPHA DIALYSIS AND DIAGNOSTIC CENTRE,2215200
RAPHA MAKUENI NURSING HOME,3173700
RAPHA MAKUENI NURSING HOME,1746600
RAVINE SPECIALISTS HOSPITAL LIMITED,1139550
RAVINE SPECIALISTS HOSPITAL LIMITED,21300
REALE HOSPITAL ELDORET,4717950
REALE HOSPITAL ELDORET,3131100
REALE HOSPITAL UTAWALA LIMITED,873300
REALE HOSPITAL UTAWALA LIMITED,575100
REINHA ROSARY MISSION HOSPITAL,584640
RELIANCE HOSPITAL LIMITED,5591250
RELIANCE HOSPITAL LIMITED,873300
RENAL ROAD DIALYSIS CLINIC,5889450
RENAL ROAD DIALYSIS CLINIC,1288650
RENASSANCES INTERNATIONAL LIMITED,1714650
RENASSANCES INTERNATIONAL LIMITED,10650
RENIT HEALTHCARE LIMTED,2673150
RENIT HEALTHCARE LIMTED,117150
RERA HEALTH CENTRE,309120
RERA HEALTH CENTRE,31360
RFH SPECIALIST HOSPITAL,2492100
RFH SPECIALIST HOSPITAL,308850
RHAMU SUB-COUNTY HOSPITAL,23520
RIFT VALLEY PROVINCIAL GENERAL HOSPITAL NAKURU,43059545
RIFT VALLEY PROVINCIAL GENERAL HOSPITAL NAKURU,9938075
ROBINS HEALTHCARE LIMITED,3695548
ROBINS HEALTHCARE LIMITED,138450
ROMBO HEALTH CENTRE,123200
RONGO SUB COUNTY HOSPITAL,336000
RONGO SUB COUNTY HOSPITAL,36960
RORET SUB-COUNTY HOSPITAL,480960
RORET SUB-COUNTY HOSPITAL,42560
ROYALSTAR FAMILY HOSPITAL LIMITED,1001100
RUIRI CATHOLIC MISSION HEALTH CENTRE,6720
RUIRU SUB-COUNTY HOSPITAL,628320
RUIRU SUB-COUNTY HOSPITAL,16800
RUKALA MODEL HEALTH CENTRE,2240
RUMURUTI SUB-COUNTY HOSPITAL,241920
RUNYENJES SUB-COUNTY HOSPITAL,198240
RWAMBWA SUB-COUNTY HOSPITAL,504000
SABOTI SUB COUNTY HOSPITAL,127680
SABOTI SUB COUNTY HOSPITAL,6720
SACHA HEALTH CENTRE,35840
SAGANA SUB-COUNTY HOSPITAL,60480
SALAMA CANCER CENTRE LIMITED,18647096
SALAMA CANCER CENTRE LIMITED,5131700
SAMA KAAB NURSING HOME LIMITED,47040
SAMBURU SUB COUNTY REFERRAL HOSPITAL,1897170
SAMBURU SUB COUNTY REFERRAL HOSPITAL,17370
SAMBURU SUB-COUNTY HOSPITAL,228480
SAMRAH HOSPITAL LIMITED,190400
SAMRAH HOSPITAL LIMITED,2240
SANGO NAITIRI DISPENSARY,2240
SAYYIDA FATIMAH HOSPITAL KISAUNI,3585960
SAYYIDA FATIMAH HOSPITAL KISAUNI,225870
SCION HEALTHCARE LTD CLINIC,6720
SEKA HEALTH CENTRE,138880
SEKA HEALTH CENTRE,29120
SENGERA HEALTH CENTRE (GUCHA),20160
SEREWO HEALTH CENTRE,13440
SHABAHA CANCER CENTER,10641248
SHABAHA CANCER CENTER,142940
SHAFIN MEDICARE LIMITED,30240
SHAFIN MEDICARE LIMITED,15680
SHALOM HOSPITAL,958500
SHALOM HOSPITAL,734850
SHAMAAL HOSPITAL,106500
SHAMAAL HOSPITAL,85200
SHAMAKHUBI HEALTH CENTRE,71680
SHELLY BEACH HOSPITAL,42600
SHIANDA HEALTH CENTRE,11200
SHIANDA HEALTH CENTRE,2240
SHIBWE SUB-COUNTY HOSPITAL,154560
SHIBWE SUB-COUNTY HOSPITAL,97440
SHINYALU MODEL HEALTH CENTRE,2240
SHIRAHA HEALTH CENTRE,11200
SHISESO MODEL HEALTH CENTRE,8960
SHISESO MODEL HEALTH CENTRE,6720
SHITSITSWI HEALTH CENTRE,11200
SHITSITSWI HEALTH CENTRE,11200
SHITSITSWI HEALTH CENTRE,4480
SHIVANGA HEALTH CENTRE,69440
SHREE SWAMINARAYAN HOSPITAL,36960
SHREE SWAMINARAYAN HOSPITAL,13440
SIAYA COUNTY REFERRAL HOSPITAL,1787520
SIAYA COUNTY REFERRAL HOSPITAL,369520
SIBOTI MODEL HEALTH CENTRE,36880
SIBOTI MODEL HEALTH CENTRE,8960
SIGOMERE SUB-COUNTY HOSPITAL,1155840
SIGOMERE SUB-COUNTY HOSPITAL,235200
SIGOR SUB-COUNTY HOSPITAL,389200
SIGOR SUB-COUNTY HOSPITAL,120960
SIGOR SUB-COUNTY HOSPITAL,16720
SIGOR SUB-COUNTY HOSPITAL,16720
SIGOR SUB-DISTRICT HOSPITAL,11200
SIGOWET SUB-COUNTY HOSPITAL,1428000
SIGOWET SUB-COUNTY HOSPITAL,352800
SIKH TEMPLE MAKINDU HOSPITAL,24640
SIKH TEMPLE MAKINDU HOSPITAL,2240
SIKULU HEALTH CENTRE,103040
SIKULU HEALTH CENTRE,11200
SILOAM HOSPITAL LIMITED,8179200
SILOAM HOSPITAL LIMITED,1799850
SINO HEALTH CENTRE,331520
SINO HEALTH CENTRE,129920
SINOKO SUB COUNTY HOSPITAL,176960
SINOKO SUB COUNTY HOSPITAL,22400
SIO PORT SUB-COUNTY HOSPITAL,70560
SIO PORT SUB-COUNTY HOSPITAL,16800
SIPILI HEALTH CENTRE,38080
SIRISIA SUB-COUNTY HOSPITAL,1128720
SIRISIA SUB-COUNTY HOSPITAL,20160
SOLOLO CATHOLIC MISSION HOSPITAL,480480
SOLOLO CATHOLIC MISSION HOSPITAL,117600
SOMCARE HOSPITAL LTD,2662500
SORI LAKESIDE HOSPITAL,842379
SORI LAKESIDE HOSPITAL,185100
SOUTH C DIALYSIS CENTRE LTD,7572150
SOUTH C DIALYSIS CENTRE LTD,1501650
SOUTHRIFT HOSPITAL LIMITED,4089600
SOUTHRIFT HOSPITAL LIMITED,241200
ST ANTHONYS KIBABII HEALTH CENTRE,4480
ST CATHERINE'S ICHUNI MISSION HOSPITAL,553800
ST CATHERINE'S ICHUNI MISSION HOSPITAL,202350
ST ELIZABETH LORUGUM,245200
ST ELIZABETH LORUGUM,20160
ST GABRIEL HOSPITAL LIMITED,2747700
ST GABRIEL HOSPITAL LIMITED,564450
ST JOSEPH SHELTER OF HOPE MISSION HOSPITAL,8449470
ST JOSEPH SHELTER OF HOPE MISSION HOSPITAL,2048040
ST JOSEPH'S AMUKURA MISSION HEALTH CENTRE,165760
ST JOSEPH'S AMUKURA MISSION HEALTH CENTRE,6720
ST LUKES ORTHOPAEDIC AND TRAUMA HOSPITAL UASIN GISHU,7178100
ST LUKES ORTHOPAEDIC AND TRAUMA HOSPITAL UASIN GISHU,1704000
ST. ANNE MISSION HOSPITAL,2805810
ST. ANNE MISSION HOSPITAL,369270
ST. ANTHONY CATHOLIC HOSPITAL,6390000
ST. ANTHONY CATHOLIC HOSPITAL,1758250
ST. ANTHONY HEALTH CENTRE LEMEK,6720
ST. ANTHONYS HEALTH CENTRE ABOSSI,826560
ST. ANTHONYS HEALTH CENTRE ABOSSI,241920
ST. BRIGITTAS CATHOLIC HOSPITAL,446880
ST. BRIGITTAS CATHOLIC HOSPITAL,104160
ST. FRANCIS COMMUNITY HOSPITAL,5073780
ST. FRANCIS COMMUNITY HOSPITAL,1070930
ST. JOHN OF GOD CATHOLIC HOSPITAL TIGANIA,588000
ST. JOHN OF GOD CATHOLIC HOSPITAL TIGANIA,268800
ST. JOHNS HOSPITAL LTD,8200500
ST. JOHNS HOSPITAL LTD,2275170
ST. JOSEPH CATHOLIC DISPENSARY GITHURAI,6720
ST. JOSEPHS MISSION HOSPITAL KILGORIS,1092000
ST. JOSEPHS MISSION HOSPITAL KILGORIS,302400
ST. JOSEPHS MISSION HOSPITAL MIGORI,3546450
ST. JOSEPHS MISSION HOSPITAL MIGORI,617700
ST. JUDE NURSING HOME,3802050
ST. JUDE NURSING HOME,692250
ST. LAZARUS BUYANGU MISSION HEALTH CENTRE,145600
ST. LAZARUS BUYANGU MISSION HEALTH CENTRE,17920
ST. LEONARDS HOSPITAL,7742550
ST. LEONARDS HOSPITAL,1416450
ST. LUKES COTTAGE HOSPITAL KIAMURI,42560
ST. LUKES COTTAGE HOSPITAL KIAMURI,17920
ST. MARYS MISSION HEALTH CENTRE CHELELEMUK,103040
ST. MARYS MISSION HEALTH CENTRE CHELELEMUK,8960
ST. MARYS MISSION HOSPITAL,4272550
ST. MARYS MISSION HOSPITAL,2770210
ST. MARYS MISSION HOSPITAL MUMIAS,5037450
ST. MARYS MISSION HOSPITAL MUMIAS,4260000
ST. MATIA MULUMBA HOSPITAL,507280
ST. MATIA MULUMBA HOSPITAL,117600
ST. MERCELINE ROO HEALTH CENTRE - SUBA,4480
ST. ORSOLA MISSION HOSPITAL,97360
ST. ORSOLA MISSION HOSPITAL,16800
ST. SCHOLASTICA UZIMA HOSPITAL,2212680
ST. SCHOLASTICA UZIMA HOSPITAL,778530
ST. THERESA MISSION HOSPITAL KIIRUA,25752021.93
ST. THERESA MISSION HOSPITAL KIIRUA,4768564
ST.CLARE'S KAPLONG MISSION HOSPITAL,3517920
ST.CLARE'S KAPLONG MISSION HOSPITAL,921760
ST.DANIEL COMBONI-LOKORI PHC HEALTH CENTER,35840
ST.JOHN PAUL II AVI MATERCARE HOSPITAL,188160
ST.JOHN PAUL II AVI MATERCARE HOSPITAL,40320
ST.JOHN'S MISSION HOSPITAL SIRENDE,262080
ST.JOHN'S MISSION HOSPITAL SIRENDE,26800
ST.JOSEPH'S LOWARENGAK HEALTH CENTRE,11200
ST.SCHOLASTICA MISSION HOSPITAL ELDORET,10080
ST.SCHOLASTICA MISSION HOSPITAL ELDORET,3360
ST.SCHOLASTICA UZIMA HOSPITAL,298200
ST.THERESA'S MISSION HOSPITAL-KIIRUA,213000
ST.THERESA'S MISSION HOSPITAL-KIIRUA,213000
STAR MATERNITY & NURSING HOME,15680
SUBA NORTH SUB-COUNTY HOSPITAL,3752960
SUBA NORTH SUB-COUNTY HOSPITAL,614880
SUBLIME HEALTHCARE LIMITED,3429300
SUBLIME HEALTHCARE LIMITED,1001100
SULTAN HAMUD SUB COUNTY HOSPITAL,581280
SULTAN HAMUD SUB COUNTY HOSPITAL,13440
SYNERGY CLINICS - UGUNJA,1203450
SYNERGY CLINICS - UGUNJA,628350
SYNERGY CLINICS LIMITED,15240150
SYNERGY CLINICS LIMITED,3631650
TAKABA SUB-COUNTY HOSPITAL,117600
TAKABA SUB-COUNTY HOSPITAL,104160
TAMBACH SUB-COUNTY HOSPITAL,231840
TAMBACH SUB-COUNTY HOSPITAL,20160
TAMOUGH HEALTH CENTRE,2240
TANAKA NURSING HOME BUSIA,4643400
TANAKA NURSING HOME BUSIA,809400
TARAKWA HEALTH CENTRE,2240
TAVETA SUB-COUNTY HOSPITAL,2811090
TAVETA SUB-COUNTY HOSPITAL,1308790
TAWA SUB-COUNTY HOSPITAL,483360
TAWA SUB-COUNTY HOSPITAL,120960
TAWFIQ HOSPITAL,170400
TAWFIQ HOSPITAL,7880778
TAWFIQ HOSPITAL,1107600
TAYIB MEDICAL AND NURSING HOME,6720
TEI WA YESU FAMILY CARE CENTRE,1214080
TEI WA YESU FAMILY CARE CENTRE,172480
TEMO HEALTH CENTRE,8960
TENWEK HOSPITAL,38431869
TENWEK HOSPITAL,1470282
TESO SUB-COUNTY HOSPITAL,319200
TESO SUB-COUNTY HOSPITAL,67200
TESORIE HEALTH CENTRE,35840
TETRAGRAMMATON LIMITED,255600
TETRAGRAMMATON LIMITED,53250
TEWE DISPENSARY,6720
TEXAS CANCER CENTRE NAIROBI WEST,100944435
TEXAS CANCER CENTRE NAIROBI WEST,11588709
THE AGA KHAN HOSPITAL - KISUMU,20534194
THE AGA KHAN HOSPITAL - KISUMU,6205325
THE AGA KHAN HOSPITAL MOMBASA,17982363.34
THE AGA KHAN HOSPITAL MOMBASA,3391909
THE AGA KHAN UNIVERSITY HOSPITAL NAIROBI,83045323.43
THE AGA KHAN UNIVERSITY HOSPITAL NAIROBI,17236346.24
THE CHERANGANY HOSPITAL LIMITED,5481000
THE CHERANGANY HOSPITAL LIMITED,1276930
THE KAREN HOSPITAL LIMITED,1494600
THE KAREN HOSPITAL LIMITED,42400
THE MAKUENI DOCTORS PLAZA LIMITED,1991550
THE MAKUENI DOCTORS PLAZA LIMITED,468600
THE MARA SPECIALIST HOSPITAL LIMITED,138450
THE MATER HOSPITAL,13796995
THE MATER HOSPITAL,2828734
THE MOMBASA HOSPITAL ASSOCIATION,17839715
THE MOMBASA HOSPITAL ASSOCIATION,3074402
THE MWINGI NURSING HOME,20160
THE NAIROBI HOSPITAL,50657932
THE NAIROBI HOSPITAL,9750650
THE NAIROBI SOUTH HOSPITAL LTD,4262353
THE NAIROBI SOUTH HOSPITAL LTD,331800
THE NAIROBI WEST HOSPITAL - RUIRU,10650
THE NAKURU SPECIALIST HOSPITAL LTD (CANCER & INFECTIOUS DESEASE),692250
THE PINE HOSPITAL LIMITED,1661400
THE PINE HOSPITAL LIMITED,873300
THE VETERAN MISSION HOSPITALS LIMITED,1160850
THE VETERAN MISSION HOSPITALS LIMITED,159750
THE WHITE CRESCENT HOSPITAL LIMITED,6453900
THE WHITE CRESCENT HOSPITAL LIMITED,117150
THIKA DIALYSIS CENTRE,1970250
THIKA DIALYSIS CENTRE,394050
TIGOI HEALTH CENTRE,13440
TING'WANG'I HEALTH CENTRE,123200
TING'WANG'I HEALTH CENTRE,4480
TISINYE HEALTH CENTRE,20160
TOM MBOYA MEMORIAL LEVEL 4 HOSPITAL,1643040
TOM MBOYA MEMORIAL LEVEL 4 HOSPITAL,477120
TONGAREN MODEL HEALTH CENTRE,71680
TONGAREN MODEL HEALTH CENTRE,11200
TOP HILL BRAIN AND SPINE HOSPITAL,362000
TOT SUB-COUNTY HOSPITAL,788480
TOT SUB-COUNTY HOSPITAL,78400
TRANS NZOIA COUNTY REFERRAL HOSPITAL,1767900
TRANS NZOIA COUNTY REFERRAL HOSPITAL,383400
TRANSMARA WEST SUB-COUNTY HOSPITAL,327040
TRANSMARA WEST SUB-COUNTY HOSPITAL,80640
TRINITY MISSION HOSPITAL LESERU,43680
TRINITY MISSION HOSPITAL LESERU,6720
TUDOR SUB-COUNTY HOSPITAL,57120
TUDOR SUB-COUNTY HOSPITAL,13440
TUIKUT HEALTH CENTRE,6720
TURBO SUB-COUNTY HOSPITAL,20160
TURBO SUB-COUNTY HOSPITAL,3360
TUURU COTTOLENGO HEALTH CENTRE,106320
TUURU COTTOLENGO HEALTH CENTRE,11200
UGINA HEALTH CENTRE,15680
UKWALA SUB-COUNTY HOSPITAL,852960
UKWALA SUB-COUNTY HOSPITAL,201360
UNIVERSAL FAMILY HEALTH SERVICES.,1874950
UNIVERSAL FAMILY HEALTH SERVICES.,298200
URENGA HEALTH CENTRE,78400
URENGA HEALTH CENTRE,6720
URIRI SUB-COUNTY HOSPITAL,204960
USAO HEALTH CENTRE,51520
USIGU HEALTH CENTRE,103920
UYAWI SUB-COUNTY HOSPITAL,211680
VALLEY SPRINGS HEALTHCARE,1384500
VALLEY SPRINGS HEALTHCARE,447300
VIHIGA COUNTY REFERRAL HOSPITAL,2000240
VIHIGA COUNTY REFERRAL HOSPITAL,474020
VIHIGA HEALTH CENTRE,6720
WAGAI HEALTH CENTRE,127680
WAJIR COUNTY REFERAL HOSPITAL,2512700
WAJIR COUNTY REFERAL HOSPITAL,85720
WAMALWA KIJANA TEACHING AND REFERRAL HOSPITAL,3010320
WAMALWA KIJANA TEACHING AND REFERRAL HOSPITAL,10080
WAMBA HEALTH CENTRE,97440
WAMBA HEALTH CENTRE,10080
WARANGARA HEALTH CENTRE,13440
WEBUYE HEALTH CENTRE,15680
WEBUYE SUB-COUNTY HOSPITAL,1716720
WEBUYE SUB-COUNTY HOSPITAL,561120
WEMA CATHOLIC HEALTH CENTRE,62720
WESU SUB-COUNTY HOSPITAL,379680
WITU HEALTH CENTRE,184800
YALA SUB-COUNTY HOSPITAL,540960
ZIWA SIRIKWA SUB-COUNTY HOSPITAL,1854566
ZIWA SIRIKWA SUB-COUNTY HOSPITAL,12890
ZOMBE SUB-COUNTY HOSPITAL,29120
